{"BIMMS_SERIAL": 9, "gain_voltage_SE": 1.0863940386063975, "gain_voltage_DIFF": 2.1720150574548636, "low_gain_current": 0.03223822621674973, "high_gain_current": 0.07758031449513954, "gain_TIA": 1000.8414963824381}