{"BIMMS_SERIAL": 7, "gain_voltage_SE": 1.0881403430155303, "gain_voltage_DIFF": 2.1769405374892994, "low_gain_current": 0.03349371035748819, "high_gain_current": 0.08378575083454923, "gain_TIA": 1001.577875815915}