{"BIMMS_SERIAL": 6, "gain_voltage_SE": 1.0903575161358283, "gain_voltage_DIFF": 2.180356313424648, "low_gain_current": 0.03350903486474091, "high_gain_current": 0.08201911511484924, "gain_TIA": 1004.3772416568647}