{"BIMMS_SERIAL": 2, "gain_voltage_SE": 1.0860430391008076, "gain_voltage_DIFF": 2.1719050156654607, "low_gain_current": 0.033617150965857885, "high_gain_current": 0.27541287522267177, "gain_TIA": 1000.8494101852285}