{"BIMMS_SERIAL": 3, "gain_voltage_SE": 1.0898722937216885, "gain_voltage_DIFF": 2.179689603939752, "low_gain_current": 0.032074785329354843, "high_gain_current": 0.0769542701695417, "gain_TIA": 1003.7547966047956}