{"BIMMS_SERIAL": 8, "gain_voltage_SE": 1.0895543532003098, "gain_voltage_DIFF": 2.17723933644377, "low_gain_current": 0.03244547812407415, "high_gain_current": 0.08787377968596641, "gain_TIA": 1003.9477414836608}