{"BIMMS_SERIAL": 5, "gain_voltage_SE": 1.0893056492704905, "gain_voltage_DIFF": 2.1772722737840247, "low_gain_current": 0.033824708431949804, "high_gain_current": 0.08203132174844176, "gain_TIA": 999.5259821465398}