{"BIMMS_SERIAL": 7, "potentiostat": {"SE": {"AC": {}, "DC": {"load": {"mag_coeff": [[1.4667104908558706e-31, -1.9164827176465356e-26, 1.0812019706234038e-21, -3.43983871154727e-17, 6.752040263009728e-13, -8.378179998235647e-09, 6.423683617940821e-05, -0.2786267648138859, 1515.3096790007587], [6.868220410246737e-35, -1.9935797310802024e-29, 2.460940287247207e-24, -1.6807040880823607e-19, 6.910777192236968e-15, -1.7398268796923333e-10, 2.590950980460442e-06, -0.02046814669989094, 1053.5891387566116], [1.0202722578986731e-36, -7.630960281064813e-31, 2.4645138425701965e-25, -4.4866478194332575e-20, 5.033424551398487e-15, -3.5620331455548364e-10, 1.5525187767363606e-05, -0.3810226600753441, 5022.262298435573], [-1.1095018537596662e-39, 2.0633033701249956e-33, -1.6570875490182428e-27, 7.502225506685673e-22, -2.0929531469617207e-16, 3.682328845218956e-11, -3.988293836728113e-06, 0.24305872982464988, -5389.832048911031], [5.044603399813603e-43, -2.170827299130402e-36, 4.038584629940897e-30, -4.241679879469892e-24, 2.750486632112464e-18, -1.127442854953506e-12, 2.852386165485098e-07, -0.040703822895798075, 3498.849780490752], [-1.8842194577888825e-45, 1.962462373089378e-38, -8.830526242924395e-32, 2.2408526078082794e-25, -3.50559926485273e-19, 3.4604622744258126e-13, -2.1042343929652065e-07, 0.07205117006885574, -9642.984802352627], [-7.6014278558608755e-50, 1.3743911968492903e-42, -9.42779428215956e-36, 2.5980158967761984e-29, 1.5135681068141445e-23, -2.9154683735428664e-16, 7.823411351138647e-10, -0.0009319218950995286, 1422.5263004285332], [-7.933147000277064e-52, 4.513528818532345e-44, -1.1063030831265147e-36, 1.523725490993514e-29, -1.2881420094937518e-22, 6.839045816784629e-16, -2.2281128617555697e-09, 0.004058496038211353, -2185.0000215943637]], "mag_freq_range": [23357.21469090121, 55508.680300598106, 131916.99564735717, 313502.2062565112, 745041.4773728917, 1770599.3512268981, 4207849.036297399, 10000000.0], "phase_coeff": [[-5.803766895760255e-33, 7.675901560318558e-28, -4.382056646431798e-23, 1.4102140282202633e-18, -2.798495010642206e-14, 3.5081162568829544e-10, -2.7146760919380066e-06, 0.011867488107089852, -22.495052181962077], [-1.9654949759749292e-35, 6.262757486103354e-30, -8.645182901472414e-25, 6.751549366914552e-20, -3.26215362642508e-15, 9.984123394780515e-11, -1.8898575388600752e-06, 0.02022169780830188, -93.61241873194419], [1.599853034252271e-38, -1.2709082761341736e-32, 4.362445622036235e-27, -8.446213429820716e-22, 1.0083178135054693e-16, -7.596772478728315e-12, 3.525951377877858e-07, -0.009213510552069353, 103.75921641155428], [2.7103378768634817e-41, -4.922672040733596e-35, 3.8745014704971766e-29, -1.725161489841532e-23, 4.749917450855128e-18, -8.274978482839557e-13, 8.900782588796297e-08, -0.005399362499583845, 141.3824561376529], [2.0691812911863538e-44, -9.813341643120937e-38, 2.0019004910723297e-31, -2.291784585628906e-25, 1.6086585574722563e-19, -7.08272420372005e-14, 1.9088390595459388e-08, -0.002877983739197106, 186.08635252722982], [3.616732463347704e-47, -3.6522028892142788e-40, 1.5869927681838286e-33, -3.871185257127598e-27, 5.7909383084865494e-21, -5.4333680340869406e-15, 3.1191881036521237e-09, -0.0010007735372774926, 137.50153640337504], [-6.265902760673433e-50, 1.5083450751470218e-42, -1.568588667884951e-35, 9.200248434678289e-29, -3.327502306332254e-22, 7.596764457822408e-16, -1.0688703693313341e-09, 0.0008475032503965221, -289.682650034281], [1.505996104728692e-53, -8.600675654846954e-46, 2.1141261815717165e-38, -2.9159975938226825e-31, 2.463431586665857e-24, -1.3033320736913366e-17, 4.2277464512429166e-11, -7.674281842625547e-05, 60.22021193199877]], "phase_freq_range": [23357.21469090121, 55508.680300598106, 131916.99564735717, 313502.2062565112, 745041.4773728917, 1770599.3512268981, 4207849.036297399, 10000000.0]}, "open": {"mag_coeff": [[-1.551282587180348e-31, 2.0929511042902208e-26, -1.2198445438110385e-21, 4.007647923209068e-17, -8.109914613266801e-13, 1.0341109522445327e-08, -8.10528166542866e-05, 0.35646820850111366, 319.0109488133485], [-6.299577431637951e-34, 2.0058271231615346e-28, -2.7582399764645304e-23, 2.138317232773462e-18, -1.0217274409521957e-13, 3.08020065926511e-09, -5.720374872507428e-05, 0.5983206910927465, -1708.0064036713406], [-9.715909865739277e-37, 7.087816266576157e-31, -2.2270255459644684e-25, 3.93342483842645e-20, -4.26811134312332e-15, 2.9112788307113056e-10, -1.2180304507334404e-05, 0.2855206786836055, -1877.3903141374035], [6.500134454105144e-40, -1.1893107173169807e-33, 9.396821565627304e-28, -4.1876289180358158e-22, 1.1514126143705887e-16, -2.0006210957992428e-11, 2.1457164134513506e-06, -0.12988201868393126, 4386.789148732607], [-2.351261791331996e-42, 1.0162725428119634e-35, -1.8970486448923293e-29, 1.996348556185236e-23, -1.2947592871018277e-17, 5.297577754389356e-12, -1.3350648339834118e-06, 0.1894536538772952, -10597.828349114017], [-7.349791246709803e-46, 6.806787344279282e-39, -2.6816729027837055e-32, 5.840533205817713e-26, -7.637018564183141e-20, 6.074460681646549e-14, -2.8203138792363028e-08, 0.006750152398646524, 410.0902382009105], [3.898087928809418e-49, -9.589715859285256e-42, 1.0169608821358386e-34, -6.066945274376875e-28, 2.2254385179099113e-21, -5.137094737081665e-15, 7.28324862271597e-09, -0.005805559248752949, 2983.190858798545], [-7.806670342201111e-52, 4.471380877791827e-44, -1.1039779152937371e-36, 1.5326574330782086e-29, -1.3070224352655803e-22, 7.005698260600993e-16, -2.306028817564193e-09, 0.004246999199742265, -2370.383325248476]], "mag_freq_range": [23357.21469090121, 55508.680300598106, 131916.99564735717, 313502.2062565112, 745041.4773728917, 1770599.3512268981, 4207849.036297399, 10000000.0], "phase_coeff": [[3.3888906022424915e-33, -4.488972022165746e-28, 2.5725439323985476e-23, -8.329433171636906e-19, 1.6669077852386614e-14, -2.1130363263708622e-10, 1.6596785509843798e-06, -0.007402285769442904, 14.365222716139705], [3.2774228728142075e-36, -1.1779814265543115e-30, 1.810615052075142e-25, -1.5565952277538043e-20, 8.193686282701033e-16, -2.7054195464690175e-11, 5.472763510898095e-07, -0.006202297612583135, 30.153974887289905], [2.2738759113147985e-39, -2.181988785526671e-33, 8.724906847999016e-28, -1.9176809142745818e-22, 2.5490126220249785e-17, -2.10591854989749e-12, 1.058540372840386e-07, -0.0029652303453229067, 35.45896273266713], [6.796901316323156e-41, -1.2477211452340133e-34, 9.906548834530002e-29, -4.4408360836682634e-23, 1.2286207898540523e-17, -2.1470591028501043e-12, 2.3132868496361278e-07, -0.014044638529127731, 367.7212205917591], [5.113634930644541e-44, -2.1015250795747135e-37, 3.7159179130549242e-31, -3.688455518302376e-25, 2.245491233084354e-19, -8.576036725749196e-14, 2.004532954677137e-08, -0.002619300812647289, 146.19007204947226], [-5.06760689762991e-47, 5.158374223850663e-40, -2.2655092475677428e-33, 5.6014989991969614e-27, -8.520104002442792e-21, 8.157793429264502e-15, -4.799754369368069e-09, 0.0015864907628576803, -225.78393101733332], [4.0870617690009895e-50, -1.0107477542598309e-42, 1.0813511154337222e-35, -6.532959702497981e-29, 2.4362100815869553e-22, -5.738495071245275e-16, 8.332257051331652e-10, -0.0006816095184715001, 240.091967121383], [-2.7063522071478975e-53, 1.5938438054142008e-45, -4.0575567303808524e-38, 5.827352827532512e-31, -5.160416139879871e-24, 2.884996438001831e-17, -9.962218853128174e-11, 0.0001942692670819231, -164.44242515433638]], "phase_freq_range": [23357.21469090121, 55508.680300598106, 131916.99564735717, 313502.2062565112, 745041.4773728917, 1770599.3512268981, 4207849.036297399, 10000000.0]},